{
    "loss": [
        0.025415651381961883,
        0.023302880544511097,
        0.021601086571103052,
        0.019617773237682525,
        0.016992309736827062,
        0.015946808315458753,
        0.015088291395278204,
        0.012818111313713921,
        0.011205003375098818,
        0.011300925224546402
    ],
    "acc": [
        0.1953125,
        0.46875,
        0.5625,
        0.65625,
        0.734375,
        0.6953125,
        0.7734375,
        0.8046875,
        0.8203125,
        0.796875
    ]
}