{
    "loss": [
        0.02552418860178145,
        0.02508446526905847,
        0.024431786839924162,
        0.02383367409781804,
        0.02305866423107329,
        0.022331527301243374,
        0.021107560112362818,
        0.019627684638613745,
        0.018646595970032705,
        0.01634391905769469
    ],
    "acc": [
        0.2421875,
        0.359375,
        0.5546875,
        0.6484375,
        0.6171875,
        0.671875,
        0.6796875,
        0.671875,
        0.6640625,
        0.75
    ]
}