{
    "loss": [
        0.026095571972074964,
        0.021179793372986807,
        0.016434563530815974,
        0.013362506079295325,
        0.011155535304357134,
        0.008204497988261873,
        0.006232441890807379,
        0.005088064405653212,
        0.0037473846995641313,
        0.0034334716342744372
    ],
    "acc": [
        0.203125,
        0.5546875,
        0.8046875,
        0.796875,
        0.8203125,
        0.890625,
        0.9375,
        0.9765625,
        0.984375,
        0.96875
    ]
}