{
  "final_loss": 14.837362315033761,
  "min_loss": 14.837362315033761,
  "num_steps": 2000
}