{
  "query_shape": [
    2,
    6,
    8
  ],
  "key_shape": [
    2,
    6,
    8
  ],
  "value_shape": [
    2,
    6,
    8
  ],
  "attention_score_shape": [
    2,
    6,
    6
  ],
  "context_shape": [
    2,
    6,
    8
  ],
  "attention_score_sample": [
    [
      0.061937619000673294,
      0.17384333908557892,
      0.031844042241573334,
      0.10708469152450562,
      0.5785741209983826,
      0.04671620950102806
    ],
    [
      0.18191416561603546,
      0.1496492177248001,
      0.19711770117282867,
      0.07973658293485641,
      0.2681596875190735,
      0.12342263758182526
    ],
    [
      0.01104098279029131,
      0.05323629081249237,
      0.02759183570742607,
      0.07322278618812561,
      0.5250163674354553,
      0.3098917305469513
    ],
    [
      0.04418708011507988,
      0.16904504597187042,
      0.07514112442731857,
      0.19300201535224915,
      0.2300991266965866,
      0.28852567076683044
    ],
    [
      0.37477001547813416,
      0.09241931885480881,
      0.27941209077835083,
      0.16279847919940948,
      0.012083927169442177,
      0.0785161629319191
    ],
    [
      0.22068117558956146,
      0.22687697410583496,
      0.14892703294754028,
      0.0364801250398159,
      0.1840609908103943,
      0.182973712682724
    ]
  ],
  "context_sample": [
    [
      0.1268240511417389,
      1.3153018951416016,
      -0.24403582513332367,
      -0.7042059302330017,
      -0.33306077122688293,
      0.2204272300004959,
      0.6032953262329102,
      1.4409329891204834
    ],
    [
      0.19910603761672974,
      0.36840566992759705,
      -0.3539881408214569,
      -0.6150225400924683,
      -0.282397985458374,
      0.3041190207004547,
      0.46699172258377075,
      0.5767797827720642
    ],
    [
      -0.028696352615952492,
      0.7475027441978455,
      -0.7152208685874939,
      -0.8509159684181213,
      -0.27139779925346375,
      0.10449019819498062,
      0.41635027527809143,
      1.270497441291809
    ],
    [
      0.0075004976242780685,
      0.570203959941864,
      -0.9820922613143921,
      -0.48176485300064087,
      -0.07600140571594238,
      0.17483673989772797,
      0.5783823728561401,
      0.865359902381897
    ],
    [
      0.4154896140098572,
      -0.31062307953834534,
      -0.2746373116970062,
      -0.2301056981086731,
      -0.33541128039360046,
      0.28181466460227966,
      0.44723770022392273,
      0.23329821228981018
    ],
    [
      0.36108559370040894,
      0.30413007736206055,
      -0.39095667004585266,
      -0.711968183517456,
      -0.2852746844291687,
      0.3985637128353119,
      0.5266998410224915,
      0.5605165958404541
    ]
  ]
}