{
    "train_loss": [
        4.164373119822089
    ],
    "val_loss": [
        4.054004074039316
    ],
    "train_token_acc": [
        6.509433962264151
    ],
    "val_token_acc": [
        7.894736842105263
    ]
}